{
  "code": 0
  ,"msg": ""
  ,"count": "100"
  ,"data": [{
    "username": "小明"
    ,"address": "江西省南昌市青山湖区1888号万科四季花城12栋"
    ,"tel": "13026669887"
    ,"default": true
  },{
    "username": "小明"
    ,"address": "江西省南昌市青山湖区1888号万科四季花城12栋"
    ,"tel": "13026669887"
  },{
    "username": "小明"
    ,"address": "江西省南昌市青山湖区1888号万科四季花城12栋"
    ,"tel": "13026669887"
  }]
}

