<?xml version="1.0" encoding="UTF-8" ?>
<!DOCTYPE mapper
  PUBLIC "-//mybatis.org//DTD Mapper 3.0//EN"
  "http://mybatis.org/dtd/mybatis-3-mapper.dtd">


<mapper namespace="com.mall.app.dao.ListProductMapper">

	<select id="selectProductsByType" resultType="com.mall.app.bean.Product">
		SELECT 
			product_id AS productId,
			seller_id AS sellerId,
			product_type_id AS productTypeId,
			product_name AS productName,
			product_image AS productImage,
			price,
			discount_price AS discountPrice,
			storage,
			sale,
			state,
			create_time AS createTime,
			modify_time AS modifyTime 
		FROM
			product
		WHERE
		state = 1
		<if test="goodname != null and goodname != ''">
			and product_name like #{goodname,jdbcType=VARCHAR}
		</if>
		<if test="typeId != null and typeId != -1">
			and product_type_id=#{typeId}
		</if>

			LIMIT #{start},#{pageCapacity}


	</select>
	<select id="selectProductsByName" resultType="com.mall.app.bean.Product">
		SELECT 
			product_id AS productId,
			seller_id AS sellerId,
			product_type_id AS productTypeId,
			product_name AS productName,
			product_image AS productImage,
			price,
			discount_price AS discountPrice,
			storage,
			sale,
			state,
			create_time AS createTime,
			modify_time AS modifyTime 
		FROM
			product
		WHERE
			product_type_id=#{productName}
		LIMIT #{start},#{pageCapacity}
	</select>
	
	<!-- 根据ID数组返回商品 -->
	<select id="selectProductsByIds" resultType="com.mall.app.bean.Product">
		SELECT 
			product_id AS productId,
			seller_id AS sellerId,
			product_type_id AS productTypeId,
			product_name AS productName,
			product_image AS productImage,
			price,
			discount_price AS discountPrice,
			storage,
			sale,
			state,
			create_time AS createTime,
			modify_time AS modifyTime 
		FROM
			product
		WHERE
			product_type_id in
			<foreach collection="array" item="item" index="index" open="(" close=")" separator=",">
				#{item}
			</foreach>
	</select>
	
	<!-- 返回商品总数 -->
	<select id="selectProductNum" resultType="int">
		SELECT COUNT(*) FROM product
	</select>
	
	<select id="selectProductNumByType" resultType="int">
		SELECT COUNT(*) FROM product WHERE product_type_id=#{productType}
	</select>
	
	<select id="selectProductNumByName" resultType="int">
		SELECT COUNT(*) FROM product WHERE product_name=#{productName}
	</select>




</mapper>